,Season Number,Startup Name,Episode Number,Pitch Number,Season Start,Season End,Original Air Date,Episode Title,Anchor,Industry,Number of Presenters,Pitchers Average Age,Pitchers State,Original Ask Amount,Original Offered Equity,Valuation Requested,Received Offer,Accepted Offer,Total Deal Amount,Total Deal Equity,Deal Valuation,Number of Sharks in Deal,Invested Guest Name,All Guest Names,Namita Present,Vineeta Present,Anupam Present,Aman Present,Peyush Present,Ritesh Present,Amit Present,Guest Present,Aman_deal,Namita_deal,Vineeta_deal,Anupam_deal,peyush_deal,Ritesh_deal,Amit_deal,deal_amount_per_shark,equity_per_shark,Boot Strapped
0,1,BluePineFoods,1,1,20-Dec-21,04-Feb-22,20-Dec-21,Badlegi Business Ki Tasveer,Rannvijay Singh,Food and Beverage,3,Middle,Delhi,50.0,5.0,1000.0,1,1.0,75.0,16.0,469.0,3.0,Ashneer Grover,Ashneer Grover,1.0,1.0,1.0,1.0,,,,1.0,1,0,1,0,0,0,0,25.0,5.333333333333333,0
1,1,BoozScooters,1,2,20-Dec-21,04-Feb-22,20-Dec-21,Badlegi Business Ki Tasveer,Rannvijay Singh,Vehicles/Electrical Vehicles,1,Young,Gujarat,40.0,15.0,267.0,1,1.0,40.0,50.0,80.0,2.0,Ashneer Grover,Ashneer Grover,1.0,1.0,1.0,1.0,,,,1.0,0,0,1,0,0,0,0,20.0,25.0,0
2,1,HeartUpMySleeves,1,3,20-Dec-21,04-Feb-22,20-Dec-21,Badlegi Business Ki Tasveer,Rannvijay Singh,Beauty/Fashion,1,Young,Delhi,25.0,10.0,250.0,1,1.0,25.0,30.0,83.0,2.0,,Ashneer Grover,1.0,1.0,1.0,1.0,,,,1.0,0,0,1,1,0,0,0,12.5,15.0,0
3,1,TagzFoods,2,4,20-Dec-21,04-Feb-22,21-Dec-21,"Insaan, Ideas Aur Sapne",Rannvijay Singh,Food and Beverage,2,Middle,Karnataka,70.0,1.0,7000.0,1,1.0,70.0,2.75,2545.0,1.0,Ashneer Grover,Ashneer Grover,1.0,1.0,1.0,1.0,,,,1.0,0,0,0,0,0,0,0,70.0,2.75,0
4,1,HeadAndHeart,2,5,20-Dec-21,04-Feb-22,21-Dec-21,"Insaan, Ideas Aur Sapne",Rannvijay Singh,Children/Education,4,Middle,Punjab,50.0,5.0,1000.0,0,,,,,,,Ashneer Grover,1.0,1.0,1.0,1.0,,,,1.0,0,0,0,0,0,0,0,,,0
5,1,Agritourism,2,6,20-Dec-21,04-Feb-22,21-Dec-21,"Insaan, Ideas Aur Sapne",Rannvijay Singh,Agriculture,2,Middle,Maharashtra,50.0,5.0,1000.0,0,,,,,,,Ashneer Grover,1.0,1.0,1.0,1.0,,,,1.0,0,0,0,0,0,0,0,,,0
6,1,qZenseLabs,3,7,20-Dec-21,04-Feb-22,22-Dec-21,Aam Aadmi Ke Business Ideas,Rannvijay Singh,Food and Beverage,2,Middle,"Delhi,Punjab",100.0,0.25,40000.0,1,0.0,,,,,,Ashneer Grover,1.0,1.0,1.0,1.0,,,,1.0,0,0,0,0,0,0,0,,,0
7,1,Peeschute,3,8,20-Dec-21,04-Feb-22,22-Dec-21,Aam Aadmi Ke Business Ideas,Rannvijay Singh,Beauty/Fashion,1,Young,Maharashtra,75.0,4.0,1875.0,1,1.0,75.0,6.0,1250.0,1.0,,Ashneer Grover,1.0,1.0,1.0,1.0,,,,1.0,1,0,0,0,0,0,0,75.0,6.0,0
8,1,NOCD,3,9,20-Dec-21,04-Feb-22,22-Dec-21,Aam Aadmi Ke Business Ideas,Rannvijay Singh,Food and Beverage,2,Middle,Karnataka,50.0,2.0,2500.0,1,1.0,20.0,15.0,133.0,1.0,,Ashneer Grover,1.0,1.0,1.0,1.0,,,,1.0,0,0,1,0,0,0,0,20.0,15.0,0
9,1,CosIQ,4,10,20-Dec-21,04-Feb-22,23-Dec-21,Entrepreneurship Ki Wave,Rannvijay Singh,Beauty/Fashion,2,Middle,Delhi,50.0,7.5,667.0,1,1.0,50.0,25.0,200.0,2.0,,Ashneer Grover,1.0,1.0,1.0,1.0,,,,1.0,0,0,1,1,0,0,0,25.0,12.5,0
10,1,JhaJiAchaar,4,11,20-Dec-21,04-Feb-22,23-Dec-21,Entrepreneurship Ki Wave,Rannvijay Singh,Food and Beverage,2,Old,Bihar,50.0,10.0,500.0,1,1.0,56.6,5.62,1007.0,2.0,,Ashneer Grover,1.0,1.0,1.0,1.0,,,,1.0,0,1,1,0,0,0,0,28.3,2.81,0
11,1,Bummer,4,12,20-Dec-21,04-Feb-22,23-Dec-21,Entrepreneurship Ki Wave,Rannvijay Singh,Beauty/Fashion,1,Young,Gujarat,75.0,4.0,1875.0,1,1.0,75.0,7.5,1000.0,2.0,,Ashneer Grover,1.0,1.0,1.0,1.0,,,,1.0,1,1,0,0,0,0,0,37.5,3.75,0
12,1,RevampMoto,5,13,20-Dec-21,04-Feb-22,24-Dec-21,Hunt For Interesting Business,Rannvijay Singh,Vehicles/Electrical Vehicles,3,Young,Maharashtra,100.0,1.0,10000.0,1,1.0,100.0,1.5,6667.0,2.0,,Ashneer Grover,1.0,1.0,1.0,1.0,,,,1.0,1,0,0,1,0,0,0,50.0,0.75,0
13,1,HungryHead,5,14,20-Dec-21,04-Feb-22,24-Dec-21,Hunt For Interesting Business,Rannvijay Singh,Food and Beverage,2,Middle,Maharashtra,50.0,5.0,1000.0,0,,,,,,,Ashneer Grover,1.0,1.0,1.0,1.0,,,,1.0,0,0,0,0,0,0,0,,,0
14,1,ShrawaniEngineers,5,15,20-Dec-21,04-Feb-22,24-Dec-21,Hunt For Interesting Business,Rannvijay Singh,Beauty/Fashion,2,Middle,Maharashtra,20.0,10.0,200.0,0,,,,,,,Ashneer Grover,1.0,1.0,1.0,1.0,,,,1.0,0,0,0,0,0,0,0,,,0
15,1,SkippiIcePops,6,16,20-Dec-21,04-Feb-22,27-Dec-21,"New Week, New Ideas",Rannvijay Singh,Food and Beverage,2,Middle,Telangana,45.0,5.0,900.0,1,1.0,100.0,15.0,667.0,5.0,Ashneer Grover,Ashneer Grover,1.0,1.0,1.0,1.0,,,,1.0,1,1,1,1,0,0,0,20.0,3.0,0
16,1,Menstrupedia,6,17,20-Dec-21,04-Feb-22,27-Dec-21,"New Week, New Ideas",Rannvijay Singh,Children/Education,2,Middle,Gujarat,50.0,10.0,500.0,1,1.0,50.0,20.0,250.0,1.0,,Ashneer Grover,1.0,1.0,1.0,1.0,,,,1.0,0,1,0,0,0,0,0,50.0,20.0,0
17,1,Hecoll,6,18,20-Dec-21,04-Feb-22,27-Dec-21,"New Week, New Ideas",Rannvijay Singh,Beauty/Fashion,1,Middle,Telangana,100.0,1.0,10000.0,0,,,,,,,Ashneer Grover,1.0,1.0,1.0,1.0,,,,1.0,0,0,0,0,0,0,0,,,0
18,1,RaisingSuperstars,7,19,20-Dec-21,04-Feb-22,28-Dec-21,A Never Give Up Spirit,Rannvijay Singh,Children/Education,2,Middle,Haryana,100.0,2.0,5000.0,1,1.0,100.0,4.0,2500.0,2.0,Ashneer Grover,Ashneer Grover,1.0,1.0,1.0,1.0,,,,1.0,1,0,0,0,0,0,0,50.0,2.0,0
19,1,Torch-it,7,20,20-Dec-21,04-Feb-22,28-Dec-21,A Never Give Up Spirit,Rannvijay Singh,Children/Education,1,Middle,Gujarat,75.0,1.0,7500.0,1,0.0,,,,,,Ashneer Grover,1.0,1.0,1.0,1.0,,,,1.0,0,0,0,0,0,0,0,,,0
20,1,Kavach,7,21,20-Dec-21,04-Feb-22,28-Dec-21,A Never Give Up Spirit,Rannvijay Singh,Children/Education,2,Young,Haryana,5.0,10.0,50.0,1,1.0,5.0,10.0,50.0,2.0,,Ashneer Grover,1.0,1.0,1.0,1.0,,,,1.0,1,0,0,1,0,0,0,2.5,5.0,0
21,1,LaKheerDeli,7,22,20-Dec-21,04-Feb-22,28-Dec-21,A Never Give Up Spirit,Rannvijay Singh,Food and Beverage,3,Middle,Maharashtra,50.0,7.5,667.0,1,0.0,,,,,,Ashneer Grover,1.0,1.0,1.0,1.0,,,,1.0,0,0,0,0,0,0,0,,,0
22,1,BeyondSnack,8,23,20-Dec-21,04-Feb-22,29-Dec-21,Shark Ko Impress Karne Wale Ideas,Rannvijay Singh,Food and Beverage,1,Middle,Kerala,50.0,2.5,2000.0,1,1.0,50.0,2.5,2000.0,2.0,Ashneer Grover,Ashneer Grover,1.0,,1.0,1.0,1.0,,,1.0,1,0,0,0,0,0,0,25.0,1.25,0
23,1,VivalyfInnovations,8,24,20-Dec-21,04-Feb-22,29-Dec-21,Shark Ko Impress Karne Wale Ideas,Rannvijay Singh,Medical/Health,2,Young,Telangana,56.0,7.5,747.0,1,1.0,56.0,33.33,168.0,2.0,,Ashneer Grover,1.0,,1.0,1.0,1.0,,,1.0,0,0,0,1,1,0,0,28.0,16.665,0
24,1,MotionBreeze,8,25,20-Dec-21,04-Feb-22,29-Dec-21,Shark Ko Impress Karne Wale Ideas,Rannvijay Singh,Vehicles/Electrical Vehicles,4,Middle,Gujarat,30.0,3.0,1000.0,1,1.0,30.0,6.0,500.0,1.0,Ashneer Grover,Ashneer Grover,1.0,,1.0,1.0,1.0,,,1.0,0,0,0,0,0,0,0,30.0,6.0,0
25,1,Altor,9,26,20-Dec-21,04-Feb-22,30-Dec-21,Defining Innovations,Rannvijay Singh,Manufacturing,4,Young,West Bengal,50.0,5.0,1000.0,1,1.0,50.0,7.0,714.0,2.0,,Ashneer Grover,1.0,,1.0,1.0,1.0,,,1.0,1,1,0,0,0,0,0,25.0,3.5,0
26,1,Ariro,9,27,20-Dec-21,04-Feb-22,30-Dec-21,Defining Innovations,Rannvijay Singh,Manufacturing,2,Young,Tamil Nadu,50.0,2.5,2000.0,1,1.0,50.0,10.0,500.0,2.0,,Ashneer Grover,1.0,,1.0,1.0,1.0,,,1.0,1,0,0,0,1,0,0,25.0,5.0,0
27,1,KabiraHandmad,9,28,20-Dec-21,04-Feb-22,30-Dec-21,Defining Innovations,Rannvijay Singh,Food and Beverage,2,Middle,Rajasthan,100.0,5.0,2000.0,1,0.0,,,,,,Ashneer Grover,1.0,,1.0,1.0,1.0,,,1.0,0,0,0,0,0,0,0,,,0
28,1,Nuutjob,10,29,20-Dec-21,04-Feb-22,31-Dec-21,Passion About Entrepreneurship,Rannvijay Singh,Beauty/Fashion,2,Young,Gujarat,25.0,5.0,500.0,1,1.0,25.0,20.0,125.0,3.0,,Ashneer Grover,1.0,,1.0,1.0,1.0,,,1.0,1,1,0,0,1,0,0,8.333333333333334,6.666666666666667,0
29,1,Meatyour,10,30,20-Dec-21,04-Feb-22,31-Dec-21,Passion About Entrepreneurship,Rannvijay Singh,Food and Beverage,3,Middle,Maharashtra,30.0,5.0,600.0,1,1.0,30.0,20.0,150.0,3.0,,Ashneer Grover,1.0,,1.0,1.0,1.0,,,1.0,1,0,0,1,1,0,0,10.0,6.666666666666667,0
30,1,EventBeep,10,31,20-Dec-21,04-Feb-22,31-Dec-21,Passion About Entrepreneurship,Rannvijay Singh,Children/Education,3,Young,Maharashtra,30.0,2.0,1500.0,1,1.0,30.0,3.0,1000.0,3.0,Ashneer Grover,Ashneer Grover,1.0,,1.0,1.0,1.0,,,1.0,1,0,0,0,1,0,0,10.0,1.0,0
31,1,Gopal's56,11,32,20-Dec-21,04-Feb-22,03-Jan-22,Investment Paane Ka Sapna,Rannvijay Singh,Food and Beverage,1,Middle,Delhi,30000.0,25.0,120000.0,0,,,,,,,Ashneer Grover,1.0,,1.0,1.0,1.0,,,1.0,0,0,0,0,0,0,0,,,0
32,1,ARRCOATSurfaceTextures,11,33,20-Dec-21,04-Feb-22,03-Jan-22,Investment Paane Ka Sapna,Rannvijay Singh,Manufacturing,3,Middle,Delhi,50.0,5.0,1000.0,1,1.0,50.0,15.0,333.0,1.0,,Ashneer Grover,1.0,,1.0,1.0,1.0,,,1.0,0,0,0,1,0,0,0,50.0,15.0,0
33,1,Farda,11,34,20-Dec-21,04-Feb-22,03-Jan-22,Investment Paane Ka Sapna,Rannvijay Singh,Beauty/Fashion,2,Young,Maharashtra,30.0,10.0,300.0,1,1.0,30.0,20.0,150.0,2.0,,Ashneer Grover,1.0,,1.0,1.0,1.0,,,1.0,1,1,0,0,0,0,0,15.0,10.0,0
34,1,Auli,12,35,20-Dec-21,04-Feb-22,04-Jan-22,Ek Idea Aur Uske Do Sides,Rannvijay Singh,Beauty/Fashion,1,Middle,West Bengal,75.0,4.0,1875.0,1,1.0,75.0,15.0,500.0,1.0,,Ashneer Grover,1.0,,1.0,1.0,1.0,,,1.0,0,1,0,0,0,0,0,75.0,15.0,0
35,1,SweeDesi,12,36,20-Dec-21,04-Feb-22,04-Jan-22,Ek Idea Aur Uske Do Sides,Rannvijay Singh,Food and Beverage,2,Middle,Maharashtra,40.0,3.0,1333.0,0,,,,,,,Ashneer Grover,1.0,,1.0,1.0,1.0,,,1.0,0,0,0,0,0,0,0,,,0
36,1,LOKA,12,37,20-Dec-21,04-Feb-22,04-Jan-22,Ek Idea Aur Uske Do Sides,Rannvijay Singh,Technology/Software,1,Young,Delhi,40.0,5.0,800.0,1,1.0,40.0,24.0,167.0,3.0,,Ashneer Grover,1.0,,1.0,1.0,1.0,,,1.0,1,0,0,1,1,0,0,13.333333333333334,8.0,0
37,1,Annie,13,38,20-Dec-21,04-Feb-22,05-Jan-22,Ideas By Young Entrepreneurs,Rannvijay Singh,Children/Education,4,Young,Karnataka,30.0,0.5,6000.0,1,1.0,105.0,3.0,3500.0,3.0,,Ashneer Grover,1.0,,1.0,1.0,1.0,,,1.0,0,1,0,1,1,0,0,35.0,1.0,0
38,1,Carragreen,13,39,20-Dec-21,04-Feb-22,05-Jan-22,Ideas By Young Entrepreneurs,Rannvijay Singh,Manufacturing,2,Middle,Madhya Pradesh,50.0,10.0,500.0,1,1.0,50.0,20.0,250.0,2.0,,Ashneer Grover,1.0,,1.0,1.0,1.0,,,1.0,0,0,0,1,1,0,0,25.0,10.0,0
39,1,TheYarnBazaar,13,40,20-Dec-21,04-Feb-22,05-Jan-22,Ideas By Young Entrepreneurs,Rannvijay Singh,Manufacturing,1,Middle,Maharashtra,50.0,2.0,2500.0,1,1.0,100.0,10.0,1000.0,4.0,Ashneer Grover,Ashneer Grover,1.0,,1.0,1.0,1.0,,,1.0,1,0,0,1,1,0,0,25.0,2.5,0
40,1,TheRenalProject,14,41,20-Dec-21,04-Feb-22,06-Jan-22,Naye Aur Nayab Pitchers,Rannvijay Singh,Medical/Health,1,Middle,Maharashtra,100.0,3.0,3333.0,1,1.0,100.0,6.0,1667.0,2.0,,Ashneer Grover,1.0,,1.0,1.0,1.0,,,1.0,1,1,0,0,0,0,0,50.0,3.0,0
41,1,MorrikoPureFoods,14,42,20-Dec-21,04-Feb-22,06-Jan-22,Naye Aur Nayab Pitchers,Rannvijay Singh,Food and Beverage,3,Middle,Gujarat,100.0,3.0,3333.0,1,0.0,,,,,,Ashneer Grover,1.0,,1.0,1.0,1.0,,,1.0,0,0,0,0,0,0,0,,,0
42,1,GoodGoodPiggy,14,43,20-Dec-21,04-Feb-22,06-Jan-22,Naye Aur Nayab Pitchers,Rannvijay Singh,Technology/Software,2,Young,Delhi,45.0,5.0,900.0,0,,,,,,,Ashneer Grover,1.0,,1.0,1.0,1.0,,,1.0,0,0,0,0,0,0,0,,,0
43,1,HammerLifestyle,15,44,20-Dec-21,04-Feb-22,07-Jan-22,It's Time To Change,Rannvijay Singh,Electronics,3,Young,Haryana,30.0,3.0,1000.0,1,1.0,100.0,40.0,250.0,1.0,,Ashneer Grover,1.0,,1.0,1.0,1.0,,,1.0,1,0,0,0,0,0,0,100.0,40.0,0
44,1,PNTRobotics,15,45,20-Dec-21,04-Feb-22,07-Jan-22,It's Time To Change,Rannvijay Singh,Technology/Software,2,Young,Maharashtra,50.0,4.0,1250.0,1,1.0,25.0,25.0,100.0,1.0,,Ashneer Grover,1.0,,1.0,1.0,1.0,,,1.0,0,0,0,0,1,0,0,25.0,25.0,0
45,1,Cocofit,15,46,20-Dec-21,04-Feb-22,07-Jan-22,It's Time To Change,Rannvijay Singh,Food and Beverage,3,Middle,Telangana,5e-05,5.0,0.0,1,1.0,5e-05,5.0,0.0,3.0,,Ashneer Grover,1.0,,1.0,1.0,1.0,,,1.0,1,1,0,1,0,0,0,1.6666666666666667e-05,1.6666666666666667,0
46,1,BambooIndia,16,47,20-Dec-21,04-Feb-22,10-Jan-22,Winning The Sharks Trust,Rannvijay Singh,Manufacturing,2,Middle,Maharashtra,80.0,4.0,2000.0,1,1.0,50.0,3.5,1429.0,2.0,Ashneer Grover,Ashneer Grover,1.0,,1.0,1.0,1.0,,,1.0,0,0,0,1,0,0,0,25.0,1.75,0
47,1,FlyingFur,16,48,20-Dec-21,04-Feb-22,10-Jan-22,Winning The Sharks Trust,Rannvijay Singh,Animal/Pets,3,Middle,Delhi,75.0,7.0,1071.0,0,,,,,,,Ashneer Grover,1.0,,1.0,1.0,1.0,,,1.0,0,0,0,0,0,0,0,,,0
48,1,BeyondWater,16,49,20-Dec-21,04-Feb-22,10-Jan-22,Winning The Sharks Trust,Rannvijay Singh,Food and Beverage,2,Young,West Bengal,75.0,4.0,1875.0,1,1.0,75.0,15.0,500.0,2.0,,Ashneer Grover,1.0,,1.0,1.0,1.0,,,1.0,1,1,0,0,0,0,0,37.5,7.5,0
49,1,Let'sTry,16,50,20-Dec-21,04-Feb-22,10-Jan-22,Winning The Sharks Trust,Rannvijay Singh,Food and Beverage,4,Middle,Delhi,45.0,2.0,2250.0,1,1.0,45.0,12.0,375.0,2.0,,Ashneer Grover,1.0,,1.0,1.0,1.0,,,1.0,1,0,0,1,0,0,0,22.5,6.0,0
50,1,FindYourKicksIndia,17,51,20-Dec-21,04-Feb-22,11-Jan-22,A Wave Of Startups,Rannvijay Singh,Beauty/Fashion,3,Young,Punjab,50.0,10.0,500.0,1,1.0,50.0,25.0,200.0,5.0,Ashneer Grover,Ashneer Grover,1.0,,1.0,1.0,1.0,,,1.0,1,1,0,1,1,0,0,10.0,5.0,0
51,1,AasVidyalaya,17,52,20-Dec-21,04-Feb-22,11-Jan-22,A Wave Of Startups,Rannvijay Singh,Children/Education,2,Middle,Maharashtra,150.0,3.0,5000.0,1,1.0,150.0,15.0,1000.0,3.0,Ashneer Grover,Ashneer Grover,1.0,,1.0,1.0,1.0,,,1.0,0,1,0,0,1,0,0,50.0,5.0,0
52,1,Outbox,17,53,20-Dec-21,04-Feb-22,11-Jan-22,A Wave Of Startups,Rannvijay Singh,Business Services,2,Young,West Bengal,50.0,5.0,1000.0,0,,,,,,,Ashneer Grover,1.0,,1.0,1.0,1.0,,,1.0,0,0,0,0,0,0,0,,,0
53,1,RoadBounce,17,54,20-Dec-21,04-Feb-22,11-Jan-22,A Wave Of Startups,Rannvijay Singh,Technology/Software,1,Middle,Maharashtra,80.0,10.0,800.0,1,1.0,80.0,20.0,400.0,1.0,,Ashneer Grover,1.0,,1.0,1.0,1.0,,,1.0,0,0,0,0,1,0,0,80.0,20.0,0
54,1,Mommy'sKitchen,18,55,20-Dec-21,04-Feb-22,12-Jan-22,Investing In Profitable Businesses,Rannvijay Singh,Food and Beverage,3,Middle,Maharashtra,90.0,3.0,3000.0,0,,,,,,,Ashneer Grover,1.0,,1.0,1.0,1.0,,,1.0,0,0,0,0,0,0,0,,,0
55,1,IndiaHempandCo,18,56,20-Dec-21,04-Feb-22,12-Jan-22,Investing In Profitable Businesses,Rannvijay Singh,Food and Beverage,1,Middle,Karnataka,50.0,4.0,1250.0,1,0.0,,,,,,Ashneer Grover,1.0,,1.0,1.0,1.0,,,1.0,0,0,0,0,0,0,0,,,0
56,1,Otua,18,57,20-Dec-21,04-Feb-22,12-Jan-22,Investing In Profitable Businesses,Rannvijay Singh,Vehicles/Electrical Vehicles,2,Middle,Haryana,100.0,1.0,10000.0,1,1.0,1.0,1.0,100.0,1.0,Ashneer Grover,Ashneer Grover,1.0,,1.0,1.0,1.0,,,1.0,0,0,0,0,0,0,0,1.0,1.0,0
57,1,Anthyesti,18,58,20-Dec-21,04-Feb-22,12-Jan-22,Investing In Profitable Businesses,Rannvijay Singh,Business Services,1,Middle,Karnataka,50.0,2.5,2000.0,0,,,,,,,Ashneer Grover,1.0,,1.0,1.0,1.0,,,1.0,0,0,0,0,0,0,0,,,0
58,1,Ethik,19,59,20-Dec-21,04-Feb-22,13-Jan-22,Forming An Idea And Bagging A Deal,Rannvijay Singh,Manufacturing,2,Middle,Karnataka,15.0,5.0,300.0,0,,,,,,,Ashneer Grover,1.0,,1.0,1.0,1.0,,,1.0,0,0,0,0,0,0,0,,,0
59,1,WeSTOCK,19,60,20-Dec-21,04-Feb-22,13-Jan-22,Forming An Idea And Bagging A Deal,Rannvijay Singh,Animal/Pets,2,Middle,Kerala,50.0,5.0,1000.0,1,1.0,60.0,10.0,600.0,4.0,Ashneer Grover,Ashneer Grover,1.0,,1.0,1.0,1.0,,,1.0,1,1,0,0,1,0,0,15.0,2.5,0
60,1,KetoIndia,19,61,20-Dec-21,04-Feb-22,13-Jan-22,Forming An Idea And Bagging A Deal,Rannvijay Singh,Food and Beverage,1,Young,Delhi,150.0,1.25,12000.0,1,0.0,,,,,,Ashneer Grover,1.0,,1.0,1.0,1.0,,,1.0,0,0,0,0,0,0,0,,,0
61,1,Magiclock,19,62,20-Dec-21,04-Feb-22,13-Jan-22,Forming An Idea And Bagging A Deal,Rannvijay Singh,Hardware,3,Middle,Maharashtra,120.0,8.0,1500.0,0,,,,,,,Ashneer Grover,1.0,,1.0,1.0,1.0,,,1.0,0,0,0,0,0,0,0,,,0
62,1,TheStatePlate,20,63,20-Dec-21,04-Feb-22,14-Jan-22,A Variety Of Ideas,Rannvijay Singh,Food and Beverage,2,Young,"Karnataka,West Bengal",65.0,2.0,3250.0,1,1.0,40.0,3.0,1333.0,1.0,,Ashneer Grover,1.0,,1.0,1.0,1.0,,,1.0,0,0,0,0,1,0,0,40.0,3.0,0
63,1,Bakarmax,20,64,20-Dec-21,04-Feb-22,14-Jan-22,A Variety Of Ideas,Rannvijay Singh,Technology/Software,2,Young,Delhi,35.0,5.0,700.0,0,,,,,,,Ashneer Grover,1.0,,1.0,1.0,1.0,,,1.0,0,0,0,0,0,0,0,,,0
64,1,INACAN,20,65,20-Dec-21,04-Feb-22,14-Jan-22,A Variety Of Ideas,Rannvijay Singh,Food and Beverage,3,Middle,Maharashtra,50.0,2.0,2500.0,1,1.0,100.0,10.0,1000.0,5.0,Ashneer Grover,Ashneer Grover,1.0,,1.0,1.0,1.0,,,1.0,1,1,0,1,1,0,0,20.0,2.0,0
65,1,Get-A-Whey,21,66,20-Dec-21,04-Feb-22,17-Jan-22,Game-changing Ideas,Rannvijay Singh,Food and Beverage,2,Middle,Maharashtra,100.0,8.0,1250.0,1,1.0,100.0,15.0,667.0,3.0,Ashneer Grover,Ashneer Grover,,1.0,1.0,1.0,1.0,,,1.0,1,0,1,0,0,0,0,33.333333333333336,5.0,0
66,1,Sid07Designs,21,67,20-Dec-21,04-Feb-22,17-Jan-22,Game-changing Ideas,Rannvijay Singh,Hardware,1,Young,Jammu & Kashmir,47.0,10.0,470.0,1,1.0,25.0,75.0,33.0,1.0,,Ashneer Grover,,1.0,1.0,1.0,1.0,,,1.0,0,0,0,0,1,0,0,25.0,75.0,0
67,1,TheQuirkyNaari,21,68,20-Dec-21,04-Feb-22,17-Jan-22,Game-changing Ideas,Rannvijay Singh,Beauty/Fashion,1,Young,Uttar Pradesh,35.0,5.0,700.0,1,1.0,35.0,24.0,146.0,2.0,,Ashneer Grover,,1.0,1.0,1.0,1.0,,,1.0,0,0,1,1,0,0,0,17.5,12.0,0
68,1,HairOriginals,22,69,20-Dec-21,04-Feb-22,18-Jan-22,Turning Ideas Into Businesses,Rannvijay Singh,Beauty/Fashion,3,Middle,Haryana,60.0,2.0,3000.0,1,1.0,60.0,4.0,1500.0,3.0,Ashneer Grover,Ashneer Grover,,1.0,1.0,1.0,1.0,,,1.0,0,0,0,1,1,0,0,20.0,1.3333333333333333,0
69,1,Poo-de-Cologne,22,70,20-Dec-21,04-Feb-22,18-Jan-22,Turning Ideas Into Businesses,Rannvijay Singh,Beauty/Fashion,1,Middle,Maharashtra,75.0,5.0,1500.0,0,,,,,,,Ashneer Grover,,1.0,1.0,1.0,1.0,,,1.0,0,0,0,0,0,0,0,,,0
70,1,Moonshine,22,71,20-Dec-21,04-Feb-22,18-Jan-22,Turning Ideas Into Businesses,Rannvijay Singh,Food and Beverage,2,Middle,Maharashtra,80.0,0.5,16000.0,1,0.0,,,,,,Ashneer Grover,,1.0,1.0,1.0,1.0,,,1.0,0,0,0,0,0,0,0,,,0
71,1,Falhari,22,72,20-Dec-21,04-Feb-22,18-Jan-22,Turning Ideas Into Businesses,Rannvijay Singh,Food and Beverage,3,Middle,Haryana,50.0,2.0,2500.0,1,0.0,,,,,,Ashneer Grover,,1.0,1.0,1.0,1.0,,,1.0,0,0,0,0,0,0,0,,,0
72,1,NamhyaFoods,23,73,20-Dec-21,04-Feb-22,19-Jan-22,Investing In Innovation,Rannvijay Singh,Food and Beverage,1,Young,Jammu & Kashmir,100.0,5.0,2000.0,1,1.0,50.0,10.0,500.0,1.0,,Ashneer Grover,,1.0,1.0,1.0,1.0,,,1.0,1,0,0,0,0,0,0,50.0,10.0,0
73,1,UrbanMonkey,23,74,20-Dec-21,04-Feb-22,19-Jan-22,Investing In Innovation,Rannvijay Singh,Beauty/Fashion,1,Young,Maharashtra,100.0,1.0,10000.0,1,0.0,,,,,,Ashneer Grover,,1.0,1.0,1.0,1.0,,,1.0,0,0,0,0,0,0,0,,,0
74,1,GuardianGears,23,75,20-Dec-21,04-Feb-22,19-Jan-22,Investing In Innovation,Rannvijay Singh,Manufacturing,2,Middle,Telangana,30.0,5.0,600.0,1,0.0,,,,,,Ashneer Grover,,1.0,1.0,1.0,1.0,,,1.0,0,0,0,0,0,0,0,,,0
75,1,ModernMyth,23,76,20-Dec-21,04-Feb-22,19-Jan-22,Investing In Innovation,Rannvijay Singh,Beauty/Fashion,2,Young,Delhi,75.0,5.0,1500.0,0,,,,,,,Ashneer Grover,,1.0,1.0,1.0,1.0,,,1.0,0,0,0,0,0,0,0,,,0
76,1,TheSassBar,24,77,20-Dec-21,04-Feb-22,20-Jan-22,A Decade Of Indian Entrepreneurship,Rannvijay Singh,Beauty/Fashion,1,Young,Maharashtra,40.0,8.0,500.0,1,1.0,50.0,35.0,143.0,2.0,Ghazal Alagh,Ghazal Alagh,1.0,1.0,1.0,,1.0,,,1.0,0,0,0,1,0,0,0,25.0,17.5,0
77,1,KGAgrotech,24,78,20-Dec-21,04-Feb-22,20-Jan-22,A Decade Of Indian Entrepreneurship,Rannvijay Singh,Agriculture,2,Young,Maharashtra,30.0,10.0,300.0,1,1.0,10.0,40.0,25.0,1.0,,Ghazal Alagh,1.0,1.0,1.0,,1.0,,,1.0,0,0,0,0,1,0,0,10.0,40.0,0
78,1,NuskhaKitchen,24,79,20-Dec-21,04-Feb-22,20-Jan-22,A Decade Of Indian Entrepreneurship,Rannvijay Singh,Food and Beverage,2,Middle,Rajasthan,20.0,10.0,200.0,0,,,,,,,Ghazal Alagh,1.0,1.0,1.0,,1.0,,,1.0,0,0,0,0,0,0,0,,,0
79,1,PawsIndia,25,80,20-Dec-21,04-Feb-22,21-Jan-22,An Ocean Of Opportunities,Rannvijay Singh,Animal/Pets,1,Young,Maharashtra,50.0,4.0,1250.0,1,1.0,50.0,15.0,333.0,1.0,,Ghazal Alagh,1.0,1.0,1.0,,1.0,,,1.0,0,0,0,1,0,0,0,50.0,15.0,0
80,1,SunfoxTechnologies,25,81,20-Dec-21,04-Feb-22,21-Jan-22,An Ocean Of Opportunities,Rannvijay Singh,Medical/Health,4,Young,Uttarakhand,100.0,2.0,5000.0,1,1.0,100.0,6.0,1667.0,5.0,Ghazal Alagh,Ghazal Alagh,1.0,1.0,1.0,,1.0,,,1.0,0,1,1,1,1,0,0,20.0,1.2,0
81,1,Alpino,25,82,20-Dec-21,04-Feb-22,21-Jan-22,An Ocean Of Opportunities,Rannvijay Singh,Food and Beverage,4,Young,Gujarat,150.0,2.0,7500.0,1,0.0,,,,,,Ghazal Alagh,1.0,1.0,1.0,,1.0,,,1.0,0,0,0,0,0,0,0,,,0
82,1,IsakFragrances,26,83,20-Dec-21,04-Feb-22,24-Jan-22,Revolutionary Ideas,Rannvijay Singh,Beauty/Fashion,1,Young,Uttar Pradesh,50.0,8.0,625.0,1,1.0,50.0,50.0,100.0,1.0,,Ghazal Alagh,1.0,1.0,1.0,,1.0,,,1.0,0,0,0,0,1,0,0,50.0,50.0,0
83,1,JulaaAutomation,26,84,20-Dec-21,04-Feb-22,24-Jan-22,Revolutionary Ideas,Rannvijay Singh,Manufacturing,3,Middle,Gujarat,50.0,10.0,500.0,0,,,,,,,Ghazal Alagh,1.0,1.0,1.0,,1.0,,,1.0,0,0,0,0,0,0,0,,,0
84,1,RarePlanet,26,85,20-Dec-21,04-Feb-22,24-Jan-22,Revolutionary Ideas,Rannvijay Singh,Manufacturing,2,Middle,West Bengal,65.0,1.0,6500.0,1,1.0,65.0,3.0,2167.0,1.0,,Ghazal Alagh,1.0,1.0,1.0,,1.0,,,1.0,0,1,0,0,0,0,0,65.0,3.0,0
85,1,ThekaCoffee,27,86,20-Dec-21,04-Feb-22,25-Jan-22,Investing In The Future Of India,Rannvijay Singh,Food and Beverage,1,Young,Gujarat,50.0,10.0,500.0,0,,,,,,,Ghazal Alagh,1.0,1.0,1.0,,1.0,,,1.0,0,0,0,0,0,0,0,,,0
86,1,WattTechnovations,27,87,20-Dec-21,04-Feb-22,25-Jan-22,Investing In The Future Of India,Rannvijay Singh,Medical/Health,1,Young,Maharashtra,0.00101,2.0,0.0,1,1.0,0.00101,4.0,0.0,4.0,Ghazal Alagh,Ghazal Alagh,1.0,1.0,1.0,,1.0,,,1.0,0,1,0,1,1,0,0,0.0002525,1.0,0
87,1,AlisteTechnologies,27,88,20-Dec-21,04-Feb-22,25-Jan-22,Investing In The Future Of India,Rannvijay Singh,Technology/Software,6,Young,Uttar Pradesh,60.0,5.0,1200.0,1,0.0,,,,,,Ghazal Alagh,1.0,1.0,1.0,,1.0,,,1.0,0,0,0,0,0,0,0,,,0
88,1,InsuranceSamadhan,27,89,20-Dec-21,04-Feb-22,25-Jan-22,Investing In The Future Of India,Rannvijay Singh,Business Services,3,Middle,Uttar Pradesh,100.0,1.0,10000.0,1,1.0,100.0,4.0,2500.0,1.0,,Ghazal Alagh,1.0,1.0,1.0,,1.0,,,1.0,0,0,0,0,1,0,0,100.0,4.0,0
89,1,HumpyA2,28,90,20-Dec-21,04-Feb-22,26-Jan-22,Meeting The New India Minds,Rannvijay Singh,Food and Beverage,3,Middle,Maharashtra,75.0,4.0,1875.0,1,1.0,100.0,15.0,667.0,3.0,Ghazal Alagh,Ghazal Alagh,1.0,1.0,1.0,,1.0,,,1.0,0,0,1,0,1,0,0,33.333333333333336,5.0,0
90,1,KunafaWorld,28,91,20-Dec-21,04-Feb-22,26-Jan-22,Meeting The New India Minds,Rannvijay Singh,Food and Beverage,2,Young,Karnataka,90.0,5.0,1800.0,0,,,,,,,Ghazal Alagh,1.0,1.0,1.0,,1.0,,,1.0,0,0,0,0,0,0,0,,,0
91,1,GoldSafeSolutions,28,92,20-Dec-21,04-Feb-22,26-Jan-22,Meeting The New India Minds,Rannvijay Singh,Manufacturing,2,Middle,Maharashtra,50.0,5.0,1000.0,1,1.0,50.0,30.0,167.0,3.0,Ghazal Alagh,Ghazal Alagh,1.0,1.0,1.0,,1.0,,,1.0,0,0,1,0,1,0,0,16.666666666666668,10.0,0
92,1,WakaoFoods,29,93,20-Dec-21,04-Feb-22,27-Jan-22,Businesses Of Tomorrow,Rannvijay Singh,Food and Beverage,1,Middle,Goa,75.0,5.0,1500.0,1,1.0,75.0,21.0,357.0,3.0,Ghazal Alagh,Ghazal Alagh,1.0,1.0,1.0,,1.0,,,1.0,0,1,1,0,0,0,0,25.0,7.0,0
93,1,PDDFalcon,29,94,20-Dec-21,04-Feb-22,27-Jan-22,Businesses Of Tomorrow,Rannvijay Singh,Manufacturing,2,Young,Gujarat,75.0,3.0,2500.0,1,0.0,,,,,,Ghazal Alagh,1.0,1.0,1.0,,1.0,,,1.0,0,0,0,0,0,0,0,,,0
94,1,PlayBoxTV,29,95,20-Dec-21,04-Feb-22,27-Jan-22,Businesses Of Tomorrow,Rannvijay Singh,Business Services,2,Young,Maharashtra,100.0,3.5,2857.0,1,0.0,,,,,,Ghazal Alagh,1.0,1.0,1.0,,1.0,,,1.0,0,0,0,0,0,0,0,,,0
95,1,Sippline,30,96,20-Dec-21,04-Feb-22,28-Jan-22,Sharks Ki Expertise,Rannvijay Singh,Manufacturing,1,Middle,Maharashtra,75.0,15.0,500.0,0,,,,,,,Ashneer Grover,1.0,1.0,1.0,1.0,,,,1.0,0,0,0,0,0,0,0,,,0
96,1,KabaddiAdda,30,97,20-Dec-21,04-Feb-22,28-Jan-22,Sharks Ki Expertise,Rannvijay Singh,Fitness/Sports/Outdoors,2,Middle,Karnataka,80.0,1.0,8000.0,1,1.0,80.0,6.0,1333.0,2.0,,Ashneer Grover,1.0,1.0,1.0,1.0,,,,1.0,0,1,1,0,0,0,0,40.0,3.0,0
97,1,ShadesofSpring,30,98,20-Dec-21,04-Feb-22,28-Jan-22,Sharks Ki Expertise,Rannvijay Singh,Business Services,2,Young,Karnataka,300.0,1.0,30000.0,0,,,,,,,Ashneer Grover,1.0,1.0,1.0,1.0,,,,1.0,0,0,0,0,0,0,0,,,0
98,1,Scholify,30,99,20-Dec-21,04-Feb-22,28-Jan-22,Sharks Ki Expertise,Rannvijay Singh,Children/Education,1,Middle,Karnataka,50.0,7.5,667.0,0,,,,,,,Ashneer Grover,1.0,1.0,1.0,1.0,,,,1.0,0,0,0,0,0,0,0,,,0
99,1,Scrapshala,31,100,20-Dec-21,04-Feb-22,31-Jan-22,Entrepreneurship Ki Raah,Rannvijay Singh,Manufacturing,2,Middle,Uttar Pradesh,50.0,10.0,500.0,0,,,,,,,Ashneer Grover,1.0,1.0,1.0,1.0,,,,1.0,0,0,0,0,0,0,0,,,0
100,1,Sabjikothi,31,101,20-Dec-21,04-Feb-22,31-Jan-22,Entrepreneurship Ki Raah,Rannvijay Singh,Manufacturing,2,Young,Bihar,60.0,2.5,2400.0,0,,,,,,,Ashneer Grover,1.0,1.0,1.0,1.0,,,,1.0,0,0,0,0,0,0,0,,,0
101,1,AyuRythm,31,102,20-Dec-21,04-Feb-22,31-Jan-22,Entrepreneurship Ki Raah,Rannvijay Singh,Medical/Health,3,Middle,Karnataka,75.0,2.0,3750.0,1,1.0,75.0,2.68,2799.0,1.0,,Ashneer Grover,1.0,1.0,1.0,1.0,,,,1.0,1,0,0,0,0,0,0,75.0,2.68,0
102,1,Astrix,31,103,20-Dec-21,04-Feb-22,31-Jan-22,Entrepreneurship Ki Raah,Rannvijay Singh,Manufacturing,2,Middle,Tamil Nadu,75.0,3.0,2500.0,0,,,,,,,Ashneer Grover,1.0,1.0,1.0,1.0,,,,1.0,0,0,0,0,0,0,0,,,0
103,1,TheaAndSid,32,104,20-Dec-21,04-Feb-22,01-Feb-22,The Road To Success,Rannvijay Singh,Business Services,2,Middle,Maharashtra,80.0,7.0,1143.0,0,,,,,,,Ashneer Grover,1.0,,1.0,1.0,1.0,,,1.0,0,0,0,0,0,0,0,,,0
104,1,ExperentialEtc,32,105,20-Dec-21,04-Feb-22,01-Feb-22,The Road To Success,Rannvijay Singh,Technology/Software,2,Middle,Maharashtra,200.0,4.0,5000.0,1,0.0,,,,,,Ashneer Grover,1.0,,1.0,1.0,1.0,,,1.0,0,0,0,0,0,0,0,,,0
105,1,GrowFitter,32,106,20-Dec-21,04-Feb-22,01-Feb-22,The Road To Success,Rannvijay Singh,Technology/Software,2,Middle,Maharashtra,50.0,1.0,5000.0,1,1.0,50.0,2.0,2500.0,1.0,,Ashneer Grover,1.0,,1.0,1.0,1.0,,,1.0,1,0,0,0,0,0,0,50.0,2.0,0
106,1,C3Med-Tech,32,107,20-Dec-21,04-Feb-22,01-Feb-22,The Road To Success,Rannvijay Singh,Medical/Health,2,Middle,Gujarat,35.0,6.0,583.0,1,0.0,,,,,,Ashneer Grover,1.0,,1.0,1.0,1.0,,,1.0,0,0,0,0,0,0,0,,,0
107,1,ColourMeMad-CMM,33,108,20-Dec-21,04-Feb-22,02-Feb-22,Life-Changing Ideas,Rannvijay Singh,Beauty/Fashion,2,Middle,Maharashtra,40.0,10.0,400.0,1,1.0,40.0,25.0,160.0,1.0,,Ashneer Grover,1.0,,1.0,1.0,1.0,,,1.0,0,1,0,0,0,0,0,40.0,25.0,0
108,1,Mavi's,33,109,20-Dec-21,04-Feb-22,02-Feb-22,Life-Changing Ideas,Rannvijay Singh,Food and Beverage,2,Middle,Maharashtra,40.0,5.0,800.0,0,,,,,,,Ashneer Grover,1.0,,1.0,1.0,1.0,,,1.0,0,0,0,0,0,0,0,,,0
109,1,TweekLabs,33,110,20-Dec-21,04-Feb-22,02-Feb-22,Life-Changing Ideas,Rannvijay Singh,Fitness/Sports/Outdoors,4,Middle,Delhi,40.0,2.0,2000.0,1,1.0,60.0,10.0,600.0,3.0,Ashneer Grover,Ashneer Grover,1.0,,1.0,1.0,1.0,,,1.0,0,0,0,1,1,0,0,20.0,3.3333333333333335,0
110,1,Proxgy,33,111,20-Dec-21,04-Feb-22,02-Feb-22,Life-Changing Ideas,Rannvijay Singh,Technology/Software,2,Middle,Delhi,35.0,1.0,3500.0,1,1.0,100.0,10.0,1000.0,2.0,Ashneer Grover,Ashneer Grover,1.0,,1.0,1.0,1.0,,,1.0,0,0,0,0,1,0,0,50.0,5.0,0
111,1,NomadFoodProject,34,112,20-Dec-21,04-Feb-22,03-Feb-22,Scaling Ambitions,Rannvijay Singh,Food and Beverage,2,Young,"Delhi,Maharashtra",40.0,10.0,400.0,1,1.0,40.0,20.0,200.0,4.0,"Ghazal Alagh,Ashneer Grover","Ghazal Alagh,Ashneer Grover",1.0,1.0,1.0,1.0,1.0,,,2.0,0,1,1,0,0,0,0,10.0,5.0,0
112,1,TweeInOne,34,113,20-Dec-21,04-Feb-22,03-Feb-22,Scaling Ambitions,Rannvijay Singh,Beauty/Fashion,1,Young,Maharashtra,30.0,7.5,400.0,0,,,,,,,"Ghazal Alagh,Ashneer Grover",1.0,1.0,1.0,1.0,1.0,,,2.0,0,0,0,0,0,0,0,,,0
113,1,GreenProtein,34,114,20-Dec-21,04-Feb-22,03-Feb-22,Scaling Ambitions,Rannvijay Singh,Food and Beverage,2,Middle,Maharashtra,60.0,2.0,3000.0,1,0.0,,,,,,"Ghazal Alagh,Ashneer Grover",1.0,1.0,1.0,1.0,1.0,,,2.0,0,0,0,0,0,0,0,,,0
114,1,On2Cook,34,115,20-Dec-21,04-Feb-22,03-Feb-22,Scaling Ambitions,Rannvijay Singh,Food and Beverage,1,Middle,Gujarat,100.0,1.0,10000.0,0,,,,,,,"Ghazal Alagh,Ashneer Grover",1.0,1.0,1.0,1.0,1.0,,,2.0,0,0,0,0,0,0,0,,,0
115,1,JainShikanji,35,116,20-Dec-21,04-Feb-22,04-Feb-22,The Final Destination,Rannvijay Singh,Food and Beverage,1,Middle,Uttar Pradesh,40.0,8.0,500.0,1,1.0,40.0,30.0,133.0,4.0,Ashneer Grover,"Ghazal Alagh,Ashneer Grover",1.0,1.0,1.0,1.0,1.0,,,2.0,1,0,1,1,0,0,0,10.0,7.5,0
116,1,Woloo,35,117,20-Dec-21,04-Feb-22,04-Feb-22,The Final Destination,Rannvijay Singh,Technology/Software,3,Middle,Maharashtra,50.0,4.0,1250.0,1,0.0,,,,,,"Ghazal Alagh,Ashneer Grover",1.0,1.0,1.0,1.0,1.0,,,2.0,0,0,0,0,0,0,0,,,0
117,1,ElcareIndia,35,118,20-Dec-21,04-Feb-22,04-Feb-22,The Final Destination,Rannvijay Singh,Medical/Health,3,Middle,Maharashtra,100.0,2.5,4000.0,0,,,,,,,"Ghazal Alagh,Ashneer Grover",1.0,1.0,1.0,1.0,1.0,,,2.0,0,0,0,0,0,0,0,,,0
118,1,SneaKare,36,119,20-Dec-21,04-Feb-22,04-Feb-22,Gateway To Shark Tank India,Rannvijay Singh,Beauty/Fashion,1,Young,Delhi,20.0,5.0,400.0,1,1.0,21.0,12.0,175.0,3.0,,,1.0,1.0,,1.0,1.0,,,,1,1,1,0,0,0,0,7.0,4.0,0
119,1,FrenchCrown,36,120,20-Dec-21,04-Feb-22,04-Feb-22,Gateway To Shark Tank India,Rannvijay Singh,Beauty/Fashion,2,Middle,Gujarat,150.0,0.33,45455.0,1,0.0,,,,,,,1.0,1.0,,1.0,1.0,,,,0,0,0,0,0,0,0,,,0
120,1,StoreMyGoods,36,121,20-Dec-21,04-Feb-22,04-Feb-22,Gateway To Shark Tank India,Rannvijay Singh,Business Services,3,Middle,Uttar Pradesh,100.0,1.75,5714.0,1,1.0,50.0,4.0,1250.0,2.0,,,1.0,1.0,,1.0,1.0,,,,0,1,0,0,1,0,0,25.0,2.0,0
121,1,Devnagri,36,122,20-Dec-21,04-Feb-22,04-Feb-22,Gateway To Shark Tank India,Rannvijay Singh,Technology/Software,2,Middle,Delhi,100.0,1.0,10000.0,1,0.0,,,,,,,1.0,1.0,,1.0,1.0,,,,0,0,0,0,0,0,0,,,0
